<?xml version="1.0" encoding="utf-8"?>
<extension type="component" version="4.0" method="upgrade">
    <name>com_book_event</name>
    <creationDate>2024-09-24</creationDate>
    <copyright>2024 Darius Design</copyright>
    <license>GNU General Public License version 2 or later; see LICENSE.txt</license>
    <author>Darius Design</author>
    <authorEmail>dariusdesign1@gmail.com</authorEmail>
    <authorUrl>http://compusafe.net</authorUrl>
    <version>CVS: 1.0.0</version>
    <description>Book event, offline or online</description>
    <namespace path="src">Bookevent\Component\Book_event</namespace>

    <install>
        <sql>
            <file driver="mysql" charset="utf8">sql/install.mysql.utf8.sql</file>
        </sql>
    </install>
    <update>
        <schemas>
            <schemapath type="mysql">sql/updates</schemapath>
        </schemas>
    </update>
    <uninstall>
        <sql>
            <file driver="mysql" charset="utf8">sql/uninstall.mysql.utf8.sql</file>
        </sql>
    </uninstall>

    <files folder="site">
        <folder>src</folder>
        <folder>forms</folder>
        <folder>tmpl</folder>
        <folder>language</folder>
    </files>

    <media destination="com_book_event" folder="media">
        <folder>css</folder>
        <folder>js</folder>
        <filename>joomla.asset.json</filename>
    </media>

    <languages folder="site/language">
        <language tag="en-GB">en-GB/com_book_event.ini</language>
    </languages>

    <administration>
        <menu>COM_BOOK_EVENT</menu>
        <submenu>
            <menu link="option=com_book_event&amp;view=bookevents" view="bookevents" alt="Book_event/Bookevents">COM_BOOK_EVENT_TITLE_BOOKEVENTS</menu>
            <menu link="option=com_book_event&amp;view=bookings" view="bookings" alt="Book_event/Bookings">COM_BOOK_EVENT_TITLE_BOOKINGS</menu>
        </submenu>
        <files folder="administrator">
            <filename>access.xml</filename>
            <filename>config.xml</filename>
            <folder>forms</folder>
            <folder>src</folder>
            <folder>tmpl</folder>
            <folder>services</folder>
            <folder>language</folder>
            <folder>sql</folder>
        </files>
        <languages folder="administrator/language">
            <language tag="en-GB">en-GB/com_book_event.ini</language>
            <language tag="en-GB">en-GB/com_book_event.sys.ini</language>
        </languages>
    </administration>

    <config>
        <fields name="params">
            <fieldset name="component">
                <field name="save_history" default="0" />
            </fieldset>
        </fields>
    </config>

    <updateservers>
        <server type="extension" priority="1" name="com_book_event">https://nocdn.component-creator.com/index.php?task=builder.preupdatecheckhook&amp;option=com_combuilder&amp;component=NzU0NzktMjEyOTE3</server>
    </updateservers>
</extension>