<?xml version="1.0" encoding="utf-8"?>
<metadata>
    <layout title="COM_BOOK_EVENT_TITLE_ITEM_VIEW_BOOKEVENT" option="View">
        <message>
                        <![CDATA[COM_BOOK_EVENT_TITLE_ITEM_VIEW_BOOKEVENT_DESC]]>
        </message>
    </layout>
    <fields name="request">
        <fieldset 
            name="request"
            label="COM_BOOK_EVENT_FIELDSET_ITEM_ID_SELECT_LABEL">
            <field
                name="id"
                query="SELECT `id`, `message` FROM #__book_event_ ORDER BY `id`"
                type="sql"
                key_field="id" 
                value_field="message"
                label="COM_BOOK_EVENT_ITEM_ID_SELECT_LABEL"
                require="true"
                description="JGLOBAL_SHOW_TITLE_DESC">
            </field>
        </fieldset>
    </fields>
</metadata>
